"hh_refno","Maize_yield","phosphorous","sulfur","pH","Clay","Ca","Mg","K","C_capacity","Al_exc","Al_sat","Mg_indicator","K_indicator","P_indicator","S_indicator","Ca_indicator","farmproc_ph_indicator","soil_fertility_indicator","C_deficit_indicator","N_PNB","P_PNB","K_PNB","N_added","P_added","K_added","N_PNBI","P_PNBI","K_PNBI","all_PNBI","lands_eplot","landscape_no","eplot_no","Carbon_storage","Water_storage","Nutrient_supply"
"TZA-L03-H01",3953.68,16.45338417,10.21853847,6.177132778,66.12333223,7.749297705,3.03473539333333,0.869093525641026,86.8710214590725,0.299911139,2.50907882119307,0.0331115325866666,0.167,0.077237673939,0.087149592449,0.167,0.167,0.698498798974667,1,-31.4194273204301,-7.11492349247312,-9.74220762150538,0,0,0,0.222,0.250073422222222,0.333,0.805073422222222,"L03 _ 2","L03",2,0.681936118967479,0.651343239894442,0.209177041162968
"TZA-L03-H02",658.946666666667,13.96855133,9.344651,5.932054667,59.21073567,7.364186167,2.333377299,0.565752248,90.3164699547698,0.304489633,2.88129486683286,0.010668073568,0.11704071936,0.060589293911,0.0725556717,0.167,0.167,0.594853758539,1,19.0487399005376,9.63894607329749,42.254466104086,39.5368,13.7785748,47.6777565933333,0.183726384080048,0.222,0.222,0.627726384080048,"L03 _ 8","L03",8,0.431219691186146,0.605266097202486,0.381486029000171
"TZA-L03-H03",956.535483870968,5.09614,7.925313667,5.429048,63.908903,2.649821267,1.369210737,0.406004091,39.5171016090508,0.251113367,5.37008855342699,0,0.06592130912,0.001144138,0.0488527382389,0.020794280544,0.155151016,0.2918634819029,0,-18.8458746666667,-4.49604801888889,-4.4749974185,0.98842,0.34446437,1.19194391483333,0.305898977777778,0.321180188888889,0.333,0.960079166666667,"L03 _ 8","L03",8,0.431219691186146,0.605266097202486,0.381486029000171
"TZA-L03-H04",1297.30125,13.86252333,8.758186333,5.766974,38.00696967,6.023928167,2.097586015,0.521474391,77.6187014064548,0.2971077,3.32331656088867,0.00312275248,0.10287180512,0.059878906311,0.0627617117611,0.128765701344,0.167,0.5244008770161,0.920623118152821,-21.794661,-5.318935125,-6.227046,0,0,0,0.313392655555556,0.326245886111111,0.333,0.972638541666667,"L03 _ 3","L03",3,0.740061669309737,0.44916569236899,0.226613925571274
"TZA-L03-H05",1031.3947826087,13.65820067,9.114984333,5.696372667,48.54270467,5.558286833,1.718254202,0.499439802,91.154821242842,0.3161731,3.90715627089534,0,0.09582073664,0.058509944489,0.0687202383611,0.113865178656,0.167,0.5039160981461,1,-17.3274323478261,-4.22871860869565,-4.95069495652174,0,0,0,0.333,0.333,0.333,0.999,"L03 _ 4","L03",4,0.674438023882247,0.408986896034412,0.139124300664921
"TZA-L03-H06",1392.77363636364,10.93247367,8.283059,5.909225667,47.16546367,6.610211667,2.602187721,0.549506295,62.2595695072838,0.264280833,2.6359058110305,0.019270007072,0.1118420144,0.040247573589,0.0548270853,0.147526773344,0.167,0.540713453705,0.408652106044228,-30.8123461333333,-7.51967971111111,-8.80352746666667,0,0,0,0.20461277037037,0.27221222962963,0.333,0.809825,"L03 _ 3","L03",3,0.740061669309737,0.44916569236899,0.226613925571274
"TZA-L03-H07",1514.86108695652,9.228502,8.623521667,5.769451667,43.36545467,5.747224333,1.945289395,0.481019611,64.7208407478061,0.252678867,2.99872422890177,0,0.08992627552,0.0288309634,0.0605128118389,0.119911178656,0.167,0.4661812294149,0.490694472524069,-24.1125510039113,-5.66695271670143,-4.97179928254824,2.08380070404172,0.72620454535854,2.51287263400978,0.233390497677338,0.287746867481481,0.333,0.85413736515882,"L03 _ 4","L03",4,0.674438023882247,0.408986896034412,0.139124300664921
"TZA-L03-H08",249.181512605042,11.228065,8.552231667,5.709355667,44.17366733,6.4195945,2.431786354,0.508499506,74.2572170292493,0.272759467,2.83161700114089,0.013817163328,0.09871984192,0.0422280355,0.0593222688389,0.141427024,0.167,0.5225143335869,0.808573650117588,-7.23723120808081,-1.67572134141414,-1.87773508693603,0.399361616161616,0.139177523232323,0.481593500942761,0.333,0.333,0.333,0.999,"L03 _ 4","L03",4,0.674438023882247,0.408986896034412,0.139124300664921
"TZA-L03-H09",2223.945,12.007441,9.016864,5.966027667,52.06603767,7.678594333,2.695576441,0.672987897,92.7853524910337,0.279260033,2.4655633903184,0.022258446112,0.15135612704,0.0474498547,0.0670816288,0.167,0.167,0.622146056652,1,-36.4756932121212,-7.52603954484848,0.561293765878785,11.86104,4.13357244,14.303326978,0.203932651851852,0.251499339407407,0.333,0.788431991259259,"L03 _ 2","L03",2,0.681936118967479,0.651343239894442,0.209177041162968
"TZA-L03-H10",1059.02142857143,9.519340667,8.421879667,5.493453667,40.07087733,2.243561967,1.237836068,0.479018944,42.3921421684742,0.3333783,7.76418711973715,0,0.08928606208,0.0307795824689,0.0571453904389,0.00779398294400001,0.165906762389,0.3509117803208,0,-6.35412857142857,-0.356043004285713,8.7091910145,11.4374314285714,3.98594485285714,13.7924938716429,0.333,0.333,0.333,0.999,"L03 _ 10","L03",10,0.565502197725713,0.442890964186888,0.0401554893239978
"TZA-L03-H11",1976.84,17.819316,10.06186033,5.973378333,48.82350333,7.942260833,3.079103007,0.824417813,84.3125099699134,0.352632667,2.89080742586222,0.034531296224,0.167,0.0863894172,0.084533067511,0.167,0.167,0.706453780935,1,-33.210912,-8.105044,-9.488832,0,0,0,0.186545422222222,0.264332355555556,0.333,0.783877777777778,"L03 _ 3","L03",3,0.740061669309737,0.44916569236899,0.226613925571274
"TZA-L03-H12",1224.36541935484,13.28674083,10.70766378,5.846463611,50.09290722,5.13653203,2.52736594916667,0.716862307692308,68.1083687997576,0.421528944,4.7888558640201,0.0168757103733334,0.167,0.056021163561,0.095317985126,0.10036902496,0.167,0.602583884020333,0.603612062964024,-20.7368086656296,-4.53674837116486,-4.91666452797413,0.859495652173913,0.299534234782609,1.03647296942029,0.284195217080766,0.319884309388458,0.333,0.937079526469224,"L03 _ 5","L03",5,0.267268677160671,0.41055720884321,0.25200546346815
"TZA-L03-H13",593.052,12.097624,14.15192,5.980602333,62.13467067,7.716550167,2.989003216,0.92638441,48.2507037142996,0.366814267,3.05710348180992,0.031648102912,0.167,0.0480540808,0.152837064,0.167,0.167,0.733539247712,0,-6.08448542307692,-1.48500600961538,-1.797688875,0,0,0,0.333,0.333,0.333,0.999,"L03 _ 2","L03",2,0.681936118967479,0.651343239894442,0.209177041162968
"TZA-L03-H14",2223.945,18.08738,9.003854333,5.858534333,41.34439067,7.0085715,2.681706368,0.596539622,94.0082736146631,0.316811933,2.98776881350468,0.021814603776,0.12689267904,0.088185446,0.0668643673611,0.167,0.167,0.6377570961771,1,-37.362276,-9.1181745,-10.674936,0,0,0,0.140419155555556,0.241818344444444,0.333,0.7152375,"L03 _ 5","L03",5,0.267268677160671,0.41055720884321,0.25200546346815
"TZA-L03-H15",808.707272727273,14.357873,8.262835,5.876191333,39.19323333,4.566220433,1.604765627,0.522102755,57.3952036333545,0.3148165,4.49230527310571,0,0.1030728816,0.0631977491,0.0544893445,0.082119053856,0.167,0.469879029056,0.246506593127804,-12.3461652573529,-2.86786701645221,-2.24843769329504,1.389965625,0.4844030203125,1.67617113023437,0.333,0.333,0.333,0.999,"L03 _ 10","L03",10,0.565502197725713,0.442890964186888,0.0401554893239978
"TZA-L03-H16",2372.208,6.942513667,8.824528667,5.610394667,50.232906,2.7946982,1.31600589,0.421190392,48.8136633388044,0.234401667,4.91789976267377,0,0.07078092544,0.0135148415689,0.0638696287389,0.0254303424,0.167,0.3405957381478,0,-6.0283104893617,2.04620027047872,29.2648179920612,33.6746281914894,11.735607924734,40.6085147580186,0.333,0.333,0.23039091119932,0.89639091119932,"L03 _ 5","L03",5,0.267268677160671,0.41055720884321,0.25200546346815
"TZA-L03-H17",668.227605633803,44.885979,9.035614667,5.944765667,38.22420733,7.331138833,2.794286232,0.759418576,98.6108191294958,0.322682033,2.87915497484498,0.025417159424,0.167,0.167,0.0673947649389,0.167,0.167,0.7608119243629,1,-3.5421467490496,-0.0446622482950885,5.5670394232702,7.3538448,2.5628149128,8.86806272636,0.333,0.333,0.312105712344444,0.978105712344445,"L03 _ 10","L03",10,0.565502197725713,0.442890964186888,0.0401554893239978
"TZA-L03-H18",946.359574468085,7.140435,7.356836833,5.963582222,60.12544055,7.36992914,2.91722094916667,0.813317272051282,64.9097613387452,0.407510389,3.54111206890613,0.0293510703733334,0.167,0.0148409145,0.0393591751111,0.167,0.167,0.584551159984434,0.496991824925635,-14.0874427647849,-2.84310211545027,-2.49761878606216,1.41686818548387,0.493778562641129,1.70861315210988,0.333,0.333,0.333,0.999,"L03 _ 6","L03",6,0.770965707220864,0.59575787390802,0.451875259291147
"TZA-L03-H19",1694.43428571429,11.72920767,9.178208333,5.743181333,48.97299267,4.819945167,1.603327805,0.436916778,62.0944985303225,0.2663111,3.73691248489783,0,0.07581336896,0.045585691389,0.0697760791611,0.090238245344,0.167,0.4484133848541,0.403149740695753,-24.2304102857143,-5.4709047,-3.02495350785714,4.23608571428571,1.47627587142857,5.10833106357143,0.286328774603175,0.322868784444444,0.333,0.942197559047619,"L03 _ 10","L03",10,0.565502197725713,0.442890964186888,0.0401554893239978
"TZA-L03-H20",1248.53052631579,9.597193667,8.244886667,5.596281333,47.54363833,2.885324667,1.377374601,0.435320252,47.0848077031994,0.328660033,6.53831280738496,0,0.07530248064,0.0313011975689,0.0541896073389,0.028330389344,0.167,0.3561236748918,0,-14.8367044210526,-3.84443357894737,-9.81657126315789,0,0,0,0.327748261988304,0.331844720467836,0.333,0.99259298245614,"L03 _ 9","L03",9,0.240420319343045,0.402486361472491,0.278608691803624
"TZA-L03-H21",2052.87230769231,13.39000233,9.138864333,5.767437667,46.447886,6.628947167,2.366743829,0.535224653,90.8081614837018,0.290397,2.9568043537395,0.011735802528,0.10727188896,0.056713015611,0.0691190343611,0.148126309344,0.167,0.5599660508041,1,-21.1455317030426,-4.15151316520892,0.639991364081948,7.116624,2.480143464,8.5819961868,0.279940311621967,0.308040531289911,0.333,0.920980842911877,"L03 _ 6","L03",6,0.770965707220864,0.59575787390802,0.451875259291147
"TZA-L03-H22",529.510714285714,12.435731,8.671113333,5.705803667,41.27891133,4.024453567,1.886923714,0.478481383,49.7660382605186,0.285553,4.27768375005194,0,0.08911404256,0.0503193977,0.0613075926611,0.064782514144,0.167,0.4325235470651,0,-8.89578,-2.17099392857143,-2.54165142857143,0,0,0,0.333,0.333,0.333,0.999,"L03 _ 1","L03",1,0.142646037200951,0.387718765609706,0
"TZA-L03-H23",1059.02142857143,15.03703933,8.806573333,5.861906667,39.05795467,6.752788167,2.310417857,0.541869107,84.3728784270221,0.2896428,2.92724665846768,0.009933371424,0.10939811424,0.067748163511,0.0635697746611,0.152089221344,0.167,0.5697386451801,1,-12.45162095,-2.258014601875,3.32077665592708,7.47492625,2.605011798125,9.01407585592708,0.333,0.333,0.333,0.999,"L03 _ 2","L03",2,0.681936118967479,0.651343239894442,0.209177041162968
"TZA-L03-H24",2567.14638888889,7.359932667,8.100900667,5.486617,47.65597433,2.053664067,1.076009355,0.437198802,40.3599461527354,0.345248867,8.82510686579359,0,0.07590361664,0.0163115488689,0.0517850411389,0.00171725014400001,0.164765039,0.3104824957918,0,-5.83416697404769,10.1964336908961,-7.87591080937541,19.5758506493506,16.1157388181818,0,0.279959947091797,0.191546808138239,0.333,0.804506755230036,"L03 _ 9","L03",9,0.240420319343045,0.402486361472491,0.278608691803624
"TZA-L03-H25",3953.68,14.690573,9.579954333,5.579012667,41.93525733,5.076984833,1.804550302,0.613157527,65.5810317529118,0.349050333,4.45004806025009,0,0.13221040864,0.0654268391,0.0764852373611,0.098463514656,0.167,0.5395859997571,0.519367503160287,-142.697435076923,-42.3195824615385,-40.2819166153846,0,0,0,0,0.0421101333333333,0.1665,0.208610133333333,"L03 _ 6","L03",6,0.770965707220864,0.59575787390802,0.451875259291147
"TZA-L03-H26",1653.70269230769,14.92822083,10.53733739,5.798158056,41.09003306,4.373010361,2.3406347225,0.368459992820513,46.677898619016,0.400642361,5.35421466989223,0.01090031112,0.0539071977025642,0.067019079561,0.092473534413,0.075936331552,0.167,0.467236454348564,0,-21.47188009375,-4.75203507083333,-7.2531495125,0,0,0,0.289562591666667,0.31320647662037,0.333,0.935769068287037,"L03 _ 9","L03",9,0.240420319343045,0.402486361472491,0.278608691803624
"TZA-L03-H27",508.330285714286,16.59439833,9.078813333,5.799144,46.40520167,5.522138333,2.291238876,0.506900463,95.6745788752413,0.320955367,3.71423112363074,0.009319644032,0.09820814816,0.078182468811,0.0681161826611,0.112708426656,0.167,0.5335348703201,1,-26.4840078857143,-4.66604841428571,-2.99106482214286,4.23608571428571,1.47627587142857,5.10833106357143,0.1665,0.275383395555556,0.333,0.774883395555556,"L03 _ 9","L03",9,0.240420319343045,0.402486361472491,0.278608691803624
"TZA-L03-H28",741.315,6.460866333,8.946587,5.752957333,49.934396,5.000773,1.728661707,0.446565477,60.8684329017089,0.2380975,3.21141573996019,0,0.07890095264,0.0102878044311,0.0659080029,0.096024736,0.167,0.4181214959711,0.362280890495522,-11.1840046013072,-2.58184348366013,-3.12159832679739,0,0,0,0.333,0.333,0.333,0.999,"L03 _ 3","L03",3,0.740061669309737,0.44916569236899,0.226613925571274
"TZA-L03-H29",423.608571428571,7.953447,15.92979433,6.137404333,61.352172,10.16795933,4.396620988,1.074547072,42.573526491627,0.450232667,2.79832551080313,0.076691871616,0.167,0.0202880949,0.167,0.167,0.167,0.764979966516,0,-7.116624,-1.73679514285714,-2.03332114285714,0,0,0,0.333,0.333,0.333,0.999,"L03 _ 8","L03",8,0.431219691186146,0.605266097202486,0.381486029000171
"TZA-L03-H30",197.684,11.25727867,8.470922667,5.632479333,58.72114533,3.556009667,1.381686648,0.467278613,50.5871251728956,0.2474972,4.37856559741359,0,0.08552915616,0.042423767089,0.0579644085389,0.049792309344,0.167,0.4027096411319,0.0195706671394373,0.6325888,0.56735308,3.81889245933333,3.95368,1.37785748,4.76777565933333,0.333,0.333,0.333,0.999,"L03 _ 8","L03",8,0.431219691186146,0.605266097202486,0.381486029000171
"TZA-L10-H01",117.049736842105,NA,NA,NA,NA,NA,NA,NA,NA,NA,NA,NA,NA,NA,NA,NA,NA,NA,NA,-1.96643557894737,-0.479903921052631,-0.561838736842105,0,0,0,0.333,0.333,0.333,0.999,"L10 _ 8","L10",8,0,0.398148148148148,0
"TZA-L10-H02",1297.30125,23.38348,5.426182667,6.406877333,19.71700733,2.895494,0.77795069,0.31933278,46.836659827287,0.263395533,6.18855325698329,0,0.0381864896,0.123669316,0.00711725053889999,0.028655808,0.167,0.3646288641389,0,38.023281875,-2.27717553541667,-3.28378349302083,50.502084375,0.64587069375,2.2348948403125,0.146606206944444,0.333,0.333,0.812606206944444,"L10 _ 5","L10",5,0,0.483872987792656,0.304318057171101
"TZA-L10-H03",529.510714285714,NA,NA,NA,NA,NA,NA,NA,NA,NA,NA,NA,NA,NA,NA,NA,NA,NA,NA,-8.89578,-2.17099392857143,-2.54165142857143,0,0,0,0.333,0.333,0.333,0.999,"L10 _ 8","L10",8,0,0.398148148148148,0
"TZA-L10-H04",518.402097902098,8.701087333,7.274121667,6.453950667,28.15100633,5.5074155,2.285101762,0.435724601,40.1353950583498,0.244310333,2.88355063914911,0.00912325638399999,0.07543187232,0.0252972851311,0.0379778318389,0.112237296,0.167,0.427067541674,0,-8.46111337349398,8.15315405339357,-2.41746096385542,0,10.2180686266867,0,0.333,0.263263243257921,0.333,0.929263243257921,"L10 _ 4","L10",4,0.0260238038276059,0.419694224291521,0.330392450318397
"TZA-L10-H05",799.457352941176,8.923459,4.494437667,6.148226333,10.83847367,1.564207333,0.588201087,0.336987145,17.6440016125703,0.317331367,11.3061004753276,0,0.0438358864,0.0267871753,0,0,0.167,0.2376230617,0,42.9202376923077,28.0017200071154,-2.53586849271154,57.0907590384615,31.4600020023077,1.51285189190385,0.1665,0.1665,0.333,0.666,"L10 _ 10","L10",10,0,0.360509852491638,0.505087968531459
"TZA-L10-H06",224.640909090909,16.07429767,4.809444333,6.359700667,17.947691,1.8884443,0.634266563,0.268195638,26.2935866804349,0.2750102,8.96991754245315,0,0.02182260416,0.074697794389,0,0,0.167,0.263520398549,0,-3.77396727272727,-0.921027727272727,-1.07827636363636,0,0,0,0.333,0.333,0.333,0.999,"L10 _ 8","L10",8,0,0.398148148148148,0
"TZA-L10-H07",839.224528301887,9.446439333,5.816420333,6.356149,19.42524533,3.971800767,1.55331052,0.413140402,19.2676865656667,0.245753367,3.97401626898023,0,0.06820492864,0.0302911435311,0.0136342195611,0.063097624544,0.167,0.3422279162762,0,22.8295196982759,-3.43532755747126,-4.02184689655172,36.9059838362069,0,0,0.268179961685824,0.333,0.333,0.934179961685824,"L10 _ 3","L10",3,0,0.344470150734035,0.250218865351039
"TZA-L10-H08",251.597818181818,NA,NA,NA,NA,NA,NA,NA,NA,NA,NA,NA,NA,NA,NA,NA,NA,NA,NA,24.3346402894737,14.3042509483918,4.34029528078947,28.9047822368421,15.4195832093567,5.64605012289474,0.285170663450292,0.1665,0.333,0.784670663450292,"L10 _ 3","L10",3,0,0.344470150734035,0.250218865351039
"TZA-L10-H10",370.6575,NA,NA,NA,NA,NA,NA,NA,NA,NA,NA,NA,NA,NA,NA,NA,NA,NA,NA,-6.227046,-1.51969575,-1.779156,0,0,0,0.333,0.333,0.333,0.999,"L10 _ 6","L10",6,0,0.275890072901126,0.00446376116531888
"TZA-L10-H11",2625.490625,10.87765667,5.339551667,6.369779667,22.47269133,3.454784833,1.123397786,0.351510233,20.0965834204672,0.249593033,4.81906267662998,0,0.04848327456,0.039880299689,0.00567051283889999,0.046553114656,0.167,0.3075872017439,0,14.0108535,-10.3001600833333,-12.058724,56.2163875,0,0,0.21996135,0.215551998148148,0.333,0.768513348148148,"L10 _ 10","L10",10,0,0.360509852491638,0.505087968531459
"TZA-L10-H12",642.473,NA,NA,NA,NA,NA,NA,NA,NA,NA,NA,NA,NA,NA,NA,NA,NA,NA,NA,-7.4576289,-2.6341393,-3.0838704,3.3359175,0,0,0.333,0.333,0.333,0.999,"L10 _ 3","L10",3,0,0.344470150734035,0.250218865351039
"TZA-L10-H13",190.080769230769,10.32832267,5.139877333,6.361051667,20.78318033,3.6422998,1.172992213,0.387512962,21.3972803886907,0.276921967,5.05357237561419,0,0.06000414784,0.036199761889,0.00233595146109999,0.0525535936,0.167,0.3180934547901,0,4.40987384615385,1.87039476923077,8.2564116525641,7.60323076923077,2.64972592307692,9.1687993448718,0.333,0.333,0.333,0.999,"L10 _ 10","L10",10,0,0.360509852491638,0.505087968531459
"TZA-L10-H14",1074.36956521739,14.99738933,4.368704667,6.325746,15.470635,1.649417767,0.606232075,0.395105585,19.2015115975302,0.329906833,11.0682393449032,0,0.0624337872,0.067482508511,0,0,0.167,0.296916295711,0,-18.0494086956522,-4.4049152173913,-5.15697391304348,0,0,0,0.333,0.333,0.333,0.999,"L10 _ 9","L10",9,0.0063057325818805,0.443599071966043,0.192618802265472
"TZA-L10-H15",1544.40625,25.14174267,4.628651,6.368828333,21.513727,2.7743905,0.78204518,0.446530619,27.7988688813886,0.252282633,5.92873970551531,0,0.07888979808,0.135449675889,0,0.024780496,0.167,0.406119969969,0,-16.6795875,-3.10271215625,3.7613242015625,9.2664375,3.22935346875,11.1744742015625,0.333,0.333,0.333,0.999,"L10 _ 6","L10",6,0,0.275890072901126,0.00446376116531888
"TZA-L10-H17",423.608571428571,NA,NA,NA,NA,NA,NA,NA,NA,NA,NA,NA,NA,NA,NA,NA,NA,NA,NA,-23.1020710909091,-8.28154757142857,-6.1384732987013,0,0,0,0.227124898989899,0.223985555555556,0.333,0.784110454545455,"L10 _ 9","L10",9,0.0063057325818805,0.443599071966043,0.192618802265472
"TZA-L10-H18",810.5044,17.21157833,4.599365667,6.216376333,21.71917567,3.199435733,0.919056712,0.424215045,20.7646665977769,0.286605367,5.93470283426701,0,0.0717488144,0.082317574811,0,0.038381943456,0.167,0.359448332667,0,36.2757004027778,-3.18713969791667,-3.7312855,49.3351996527778,0,0,0.1640408375,0.333,0.333,0.8300408375,"L10 _ 5","L10",5,0,0.483872987792656,0.304318057171101
"TZA-L10-H19",1442.94890510949,19.615979,5.471574333,6.272223667,19.12551067,3.639926667,1.234595644,0.428065986,22.7604942568589,0.284604333,5.09387006762285,0,0.07298111552,0.0984270593,0.0078752913611,0.052477653344,0.167,0.3987611195251,0,27.308137122807,6.5258523022807,-6.88772673684211,51.4151807017544,12.40911889,0,0.2221241208577,0.173031056050682,0.333,0.728155176908382,"L10 _ 1","L10",1,0,0.365370185384948,0.242774981506703
"TZA-L10-H20",276.928017241379,4.55792,5.894690333,6.121784333,36.46472733,1.520694267,0.702000747,0.217726715,18.6614972064204,0.3015058,10.9961257841837,0,0.0056725488,0,0.0149413285611,0,0.167,0.1876138773611,0,-1.50439056434109,-1.28253241627907,-1.81951009819121,4.51684953488372,0,0,0.333,0.333,0.333,0.999,"L10 _ 7","L10",7,0,0.634013572917091,0
"TZA-L10-H21",860.652962298025,22.72941767,4.847178333,6.290184333,19.53470533,3.352063567,1.079382644,0.435380247,19.1928168769568,0.290224433,5.62772094234119,0,0.07532167904,0.119287098389,0,0.043266034144,0.167,0.404874811573,0,-26.4602818459548,-6.33935181164229,-6.51862457259015,1.1317786259542,0.394424851145038,1.36482127652672,0.24975,0.24975,0.322744222222222,0.822244222222222,"L10 _ 4","L10",4,0.0260238038276059,0.419694224291521,0.330392450318397
"TZA-L10-H22",211.804285714286,12.95006467,8.911776333,6.308332,19.711844,4.369445,1.595573027,0.535997277,17.8528094434481,0.308618133,4.53208143808637,0,0.10751912864,0.053765433289,0.0653266647611,0.07582224,0.167,0.4694334666901,0,2.05344255,34.45749494875,-1.3195407,6.671835,35.58460263,0,0.333,0.1665,0.333,0.8325,"L10 _ 4","L10",4,0.0260238038276059,0.419694224291521,0.330392450318397
"TZA-L10-H23",195.082894736842,NA,NA,NA,NA,NA,NA,NA,NA,NA,NA,NA,NA,NA,NA,NA,NA,NA,NA,147.846823157895,-0.255948757894737,0.945618812894737,151.124215789474,0.543891110526316,1.88201670763158,0,0.333,0.333,0.666,"L10 _ 2","L10",2,0,0.407414513599893,0.539086727794835
"TZA-L10-H24",483.466304347826,29.64913333,4.376583333,6.404578,21.81041067,3.559600333,1.041846942,0.473518262,26.4077187650484,0.2688355,5.03079171807871,0,0.08752584384,0.165649193311,0,0.049907210656,0.167,0.470082247807,0,24.7146184166667,-1.34521216388889,-0.917658737638889,31.4029270833333,0.287053641666667,0.993286595694444,0.280948684259259,0.333,0.333,0.946948684259259,"L10 _ 5","L10",5,0,0.483872987792656,0.304318057171101
"TZA-L10-H26",123.5525,24.054605,5.042969333,6.380304667,20.46127067,3.4230315,0.972392643,0.441998503,22.7745887551109,0.2644488,5.18336855012948,0,0.07743952096,0.1281658535,0.000717587861100002,0.045537008,0.167,0.4188599703211,0,-2.075682,-0.50656525,-0.593052,0,0,0,0.333,0.333,0.333,0.999,"L10 _ 1","L10",1,0,0.365370185384948,0.242774981506703
"TZA-L10-H27",314.497272727273,15.122186,5.35653,6.298912333,22.18726933,2.698573067,0.730890318,0.267598961,33.4755151015654,0.2390436,6.07309872446203,0,0.02163166752,0.0683186462,0.005954051,0.022354338144,0.167,0.285258702864,0,25.0429685454545,31.0601999363636,-1.50958690909091,30.3265227272727,32.3496387545455,0,0.27730034949495,0,0.333,0.610300349494949,"L10 _ 2","L10",2,0,0.407414513599893,0.539086727794835
"TZA-L10-H28",265.704301075269,12.88333033,4.870737667,6.074765,19.50212867,1.721628033,0.59729724,0.316074993,21.1917293092268,0.372346,12.3812147676379,0,0.03714399776,0.053318313211,0,0,0.167,0.257462310971,0,-4.38199533333333,-1.06941552777778,-1.25199866666667,0,0,0,0.333,0.333,0.333,0.999,"L10 _ 1","L10",1,0,0.365370185384948,0.242774981506703
"TZA-L10-H29",380.161538461538,NA,NA,NA,NA,NA,NA,NA,NA,NA,NA,NA,NA,NA,NA,NA,NA,NA,NA,15.4725746153846,-1.55866230769231,-1.82477538461538,21.8592884615385,0,0,0.333,0.333,0.333,0.999,"L10 _ 2","L10",2,0,0.407414513599893,0.539086727794835
"TZA-L10-H30",279.336086956522,4.317222667,6.806615667,6.061053,39.071834,1.813017567,0.784505664,0.205323782,19.1761647837426,0.351888333,11.1542901196505,0,0.00170361024,0,0.0301704816389,0,0.167,0.1988740918789,0,-4.59166018181818,-1.12058373484848,-1.31190290909091,0,0,0,0.333,0.333,0.333,0.999,"L10 _ 9","L10",9,0.0063057325818805,0.443599071966043,0.192618802265472
"TZA-L10-H31",521.364395604396,12.95158633,6.176866333,6.146512667,25.84996833,2.0360846,0.657735623,0.25147213,34.5088580755689,0.273655233,8.50138828573023,0,0.0164710816,0.053775628411,0.0196536677611,0.00115470720000001,0.167,0.2580550849721,0,20.5678254065934,-2.13759402197802,-2.5025490989011,29.3267472527473,0,0,0.327024162148962,0.333,0.333,0.993024162148962,"L10 _ 6","L10",6,0,0.275890072901126,0.00446376116531888
"TZA-L10-H32",741.315,19.01341133,5.182132,6.399867667,22.259123,3.059091,0.811378135,0.328986554,34.0649244127992,0.243501233,5.48061206252677,0,0.04127569728,0.094389855911,0.00304160439999999,0.033890912,0.167,0.339598069591,0,-12.454092,-3.0393915,-3.558312,0,0,0,0.333,0.333,0.333,0.999,"L10 _ 7","L10",7,0,0.634013572917091,0
"TZA-L11-H01",2372.208,3.090814333,11.76378533,6.257088333,77.08709433,5.774329,3.206854017,0.915636289,49.2510433670463,0.520629333,4.99766642525992,0.038619328544,0.167,0,0.112955215011,0.120778528,0.167,0.606353071555,0,-39.8530944,-9.7260528,-11.3865984,0,0,0,0.112743395555556,0.228309937777778,0.333,0.674053333333333,"L11 _ 2","L11",2,0.10678259686634,0.64470378249968,0.782910879107482
"TZA-L11-H02",1751.3566875,7.301456667,11.88516133,5.953228,70.22675233,3.432510067,1.52437479,0.532948476,30.6078884458632,0.3001482,5.18392326969102,0,0.10654351232,0.0159197596689,0.114982194211,0.045840322144,0.167,0.4502857883439,0,-1.2373782875,-7.18056241875,-8.4065121,28.1854140625,0,0,0.333,0.284876390694444,0.333,0.950876390694444,"L11 _ 12","L11",12,0.45941420528363,0.652974413722681,0.253279276285118
"TZA-L11-H03",2075.682,5.836155333,11.91577033,5.399845,62.94936067,3.212872767,2.035313637,0.319614464,38.8283673352494,0.381920567,6.41913358755425,0.001130036384,0.03827662848,0.00610224073109999,0.115493364511,0.038811928544,0.150274115,0.3500883136501,0,1.88541115,-8.5102962,-9.9632736,36.75686875,0,0,0.333,0.255326751111111,0.333,0.921326751111111,"L11 _ 5","L11",5,0.0631744427920034,0.637022311486453,0.539567070866717
"TZA-L11-H04",2471.05,4.846935667,22.503016,5.133855333,65.853707,3.292191167,1.536601063,0.560707736,59.5535237048072,0.85909,13.7485417458099,0,0.11542647552,0,0.167,0.041350117344,0.105853840611,0.429630433475,0.318450588315162,-6.50709833333333,-10.131305,-11.86104,35.0065416666667,0,0,0.333,0.219304333333333,0.333,0.885304333333333,"L11 _ 6","L11",6,0.111187640764184,0.687962962962963,0.807523253160747
"TZA-L11-H05",3706.575,6.042624667,9.937765333,5.992930667,66.348902,5.013598667,1.735983664,0.468527036,58.0573289305029,0.294461567,3.91958451490077,0,0.08592865152,0.0074855852689,0.0824606810611,0.096435157344,0.167,0.439310075194,0.268577434158999,-62.27046,-15.1969575,-17.79156,0,0,0,0,0.106734277777778,0.333,0.439734277777778,"L11 _ 2","L11",2,0.10678259686634,0.64470378249968,0.782910879107482
"TZA-L11-H06",536.814310344828,6.117677667,13.37327233,5.563817333,66.51588133,3.857741667,2.288289879,0.570918789,59.4761724664178,0.417982333,5.85825196185299,0.009225276128,0.11869401248,0.0079884403689,0.139833647911,0.059447733344,0.167,0.5021891102319,0.315872213960017,10.1534592413793,14.9150873827586,-2.57670868965517,19.1719396551724,17.1160260551724,0,0.333,0.112998058160919,0.333,0.778998058160919,"L11 _ 5","L11",5,0.0631744427920034,0.637022311486453,0.539567070866717
"TZA-L11-H07",1368.58153846154,2.215428667,16.000797,5.763250667,79.35745633,2.766668,1.27274467,0.334061683,25.421601470117,0.326787,6.95252828422879,0,0.04289973856,0,0.167,0.024533376,0.167,0.40143311456,0,36.8402105272727,10.5406007363636,44.534498625,51.3753759090909,14.0917242272727,48.7613419704545,0.146219883030303,0.161087393737374,0.145302639818182,0.452609916585859,"L11 _ 6","L11",6,0.111187640764184,0.687962962962963,0.807523253160747
"TZA-L11-H08",1415.23772727273,2.688459333,11.016002,5.901971333,70.09857767,3.6689227,1.500157848,0.341122582,28.8661691643486,0.216300633,3.77718485749644,0,0.04515922624,0,0.1004672334,0.0534055264,0.167,0.36603198604,0,11.7891549090909,-3.78340219090909,-6.27657932045455,28.8663568181818,0,0,0.255629334343434,0.324250281313131,0.333,0.912879615656566,"L11 _ 8","L11",8,0.0709285962347042,0.608582083991594,0.653640996294048
"TZA-L11-H09",1816.22175,3.816068333,10.70941833,6.262165,66.88694133,6.847521833,3.34528868,0.863529512,39.0316836391387,0.275440533,2.43069067204575,0.04304923776,0.167,0,0.095347286111,0.155120698656,0.167,0.627517222527,0,30.7489225166667,-7.446509175,-8.7178644,61.2614479166667,0,0,0.213900860925926,0.278966462777778,0.333,0.825867323703704,"L11 _ 13","L11",13,0.153390693194213,0.57213458368154,0.164504317631713
"TZA-L11-H10",4336.69275,2.249133333,27.04931867,5.054134,81.27977533,2.3655268,1.120747733,0.326672871,31.6544370517991,1.231264,24.4094448346004,0,0.04053531872,0,0.167,0.0116968576,0.0925403780000001,0.31177255432,0,-6.39515509174298,-14.5055196938462,-17.7209640023077,53.6718886313339,0,0,0.237783081550672,0.167292456666667,0.272951644444444,0.678027182661783,"L11 _ 5","L11",5,0.0631744427920034,0.637022311486453,0.539567070866717
"TZA-L11-H11",1194.228,3.008707667,19.62998933,6.073019,73.31422833,2.3394688,1.464038128,0.330137999,25.1865289615937,0.457023833,9.95549574350034,0,0.04164415968,0,0.167,0.0108630016,0.167,0.38650716128,0,12.0423250438398,-7.52611228571428,-8.81105828571429,42.8810290438398,0,0,0.28617898526749,0.244069685925926,0.333,0.863248671193416,"L11 _ 11","L11",11,0.0730662689541929,0.636693079748333,0.470933993298419
"TZA-L11-H12",1368.58153846154,3.38561,6.861883,6.631077,52.73100367,6.385156833,2.501609865,0.358619412,44.9057171085508,0.208398933,2.20439677919595,0.01605151568,0.05075821184,0,0.0310934461,0.140325018656,0.167,0.405228192276,0,20.7264070769231,-5.61118430769231,-6.56919138461538,43.7185769230769,0,0,0.325262143589744,0.31975145982906,0.333,0.978013603418803,"L11 _ 14","L11",14,0.145014923445238,0.595391510707928,0.397064878333146
"TZA-L11-H13",1976.84,4.357115333,14.56574733,5.891212667,73.61724633,3.720203467,2.406541087,0.381766907,35.6175904237291,0.444817533,6.39718807184057,0.013009314784,0.05816541024,0,0.159747980411,0.055046510944,0.167,0.452969216379,0,27.4027678095238,4.918970972,12.5176215188095,49.0915266666667,9.47982325771429,18.7305472330952,0.249627024338624,0.244032595860317,0.333,0.826659620198942,"L11 _ 5","L11",5,0.0631744427920034,0.637022311486453,0.539567070866717
"TZA-L11-H14",2965.26,4.674477,12.463304,5.689541,71.989302,3.524439633,1.394256622,0.421013074,44.8610768122517,0.272869433,4.86174795171632,0,0.07072418368,0,0.1246371768,0.048782068256,0.167,0.411143428736,0,-19.1012165,-12.410848625,-14.529774,31.7529925,0,0,0.202114877777778,0.168647808333333,0.333,0.703762686111111,"L11 _ 11","L11",11,0.0730662689541929,0.636693079748333,0.470933993298419
"TZA-L11-H15",4447.89,5.627568667,11.20173233,6.188591,62.73220367,4.897083567,1.787615775,0.33040221,44.2375550522885,0.244612867,3.36945577858825,0,0.0417287072,0.0047047100689,0.103568929911,0.092706674144,0.167,0.4097090213239,0,-70.3119627142857,19.4915247309524,-14.0392411577381,4.41258928571429,37.7278737309524,7.3106308422619,0,0.0112994504232804,0.333,0.34429945042328,"L11 _ 8","L11",8,0.0709285962347042,0.608582083991594,0.653640996294048
"TZA-L11-H16",1572.48636363636,2.872780667,9.557565,6.157960333,64.80200833,4.588899233,1.716188821,0.288533855,37.7823157533648,0.257125833,3.75325209281367,0,0.0283308336,0,0.0761113355,0.082844775456,0.167,0.354286944556,0,55.5761609090909,-6.44719409090909,-7.54793454545455,81.9939318181818,0,0,0,0.301173464646465,0.333,0.634173464646465,"L11 _ 8","L11",8,0.0709285962347042,0.608582083991594,0.653640996294048
"TZA-L11-H17",1742.74052631579,6.876657667,13.488365,6.098021667,69.94537067,5.369192,2.527533994,0.586260866,63.9555461392695,0.365227267,4.12769471621988,0.016881087808,0.12360347712,0.0130736063689,0.1417556955,0.107814144,0.167,0.5701280107969,0.465184654790496,2.3904157368421,-7.14523615789474,-8.36515452631579,31.6684565789474,0,0,0.333,0.28566141871345,0.333,0.95166141871345,"L11 _ 12","L11",12,0.45941420528363,0.652974413722681,0.253279276285118
"TZA-L11-H18",1345.34944444444,7.793417333,16.83296367,5.886411667,66.24301233,3.3132511,1.171303209,0.408148528,36.4087587472488,0.390188867,7.38589562047172,0,0.06660752896,0.0192158961311,0.167,0.0420240352,0.167,0.4618474602911,0,27.5055321111111,-5.51593272222222,-6.45767733333333,50.1074027777778,0,0,0.249938532098765,0.321868161728395,0.333,0.90480669382716,"L11 _ 13","L11",13,0.153390693194213,0.57213458368154,0.164504317631713
"TZA-L11-H19",2075.682,7.395944,11.58254633,5.909277333,67.69892267,4.2126698,2.131320959,0.427620963,56.5686748395974,0.288644433,4.0882997254368,0.004202270688,0.07283870816,0.0165528248,0.109928523711,0.0708054336,0.167,0.441327760959,0.218955636090999,100.4185299,-8.5102962,-9.9632736,135.2899875,0,0,0,0.255326751111111,0.333,0.588326751111111,"L11 _ 2","L11",2,0.10678259686634,0.64470378249968,0.782910879107482
"TZA-L11-H20",1864.51954545455,4.179583611,11.35044139,5.855832778,72.0976925,3.718088486,2.8908190275,0.662215584102564,28.8791828660615,0.2201715,2.9390313934585,0.02850620888,0.14790898691282,0,0.106052371213,0.054978831552,0.167,0.50444639855782,0,52.1692194416667,-4.35881453095238,-6.15856261428571,70.9294310416667,0,0,0.1665,0.30296793968254,0.333,0.80246793968254,"L11 _ 14","L11",14,0.145014923445238,0.595391510707928,0.397064878333146
"TZA-L11-H21",1680.314,11.126621,7.63156,6.233760667,39.97650633,5.072465833,1.804128562,0.43224843,59.8680538177604,0.322384067,4.2245378307119,0,0.0743194976,0.0415483607,0.043947052,0.098318906656,0.167,0.425133816956,0.328934924365169,45.1598115555556,-8.92072662255555,-9.73397580998333,82.9833502222222,0.310017933,1.07274952335,0.140619249382716,0.246206075054321,0.333,0.719825324437037,"L11 _ 8","L11",8,0.0709285962347042,0.608582083991594,0.653640996294048
"TZA-L11-H22",1868.1138,11.50344233,24.711816,5.992004333,60.16437467,4.7050375,2.119382828,0.970076517,61.1741712077379,0.466624033,5.64843487816109,0.003820250496,0.167,0.044073063611,0.167,0.0865612,0.167,0.635454514107,0.372472166344026,-2.96723684,27.92533605,-8.96694624,28.417075,35.58460263,0,0.333,0,0.333,0.666,"L11 _ 12","L11",12,0.45941420528363,0.652974413722681,0.253279276285118
"TZA-L11-H23",407.72325,4.632808333,11.187031,6.103105333,60.83623267,5.112373333,2.424095102,0.783448972,33.5110866522943,0.4226975,4.83490928625435,0.013571043264,0.167,0,0.1033234177,0.099595946656,0.167,0.55049040762,0,-7.5555618180602,-1.73413165083612,-2.55798302658863,0,0,0,0.333,0.333,0.333,0.999,"L11 _ 13","L11",13,0.153390693194213,0.57213458368154,0.164504317631713
"TZA-L11-H25",3094.18434782609,4.398980667,28.56589267,6.049506667,73.21269033,3.627492333,2.163611107,0.70372458,32.8592076555889,0.573050367,8.10781306104553,0.00523555542399999,0.167,0,0.167,0.052079754656,0.167,0.55831531008,0,47.1427225962733,-7.24324612732919,-10.3648268990683,78.4289782608696,0,0,0.1665,0.2477649352657,0.333,0.747264935265701,"L11 _ 6","L11",6,0.111187640764184,0.687962962962963,0.807523253160747
"TZA-L11-H26",864.8675,6.108994333,12.15051267,6.225685333,63.55025533,5.0204785,1.887349533,0.527199104,50.5987442023492,0.235503333,3.07023528452264,0,0.10470371328,0.0079302620311,0.119413561589,0.096655312,0.167,0.4957028489001,0.0199579680824922,68.8681635,-3.54595675,-4.151364,83.3979375,0,0,0,0.333,0.333,0.666,"L11 _ 11","L11",11,0.0730662689541929,0.636693079748333,0.470933993298419
"TZA-L11-H27",1676.51238461538,7.836918333,8.397116667,6.29578,47.84265533,6.109368333,2.17715433,0.319613019,51.3914026615914,0.2335155,2.64168229257171,0.00566893856,0.03827616608,0.0195073528311,0.0567318483389,0.131499786656,0.167,0.418684092466,0.0463799140817047,17.6060411692308,-6.87370077692308,-8.04725944615384,45.7714492307692,0,0,0.333,0.291695538290598,0.333,0.957695538290598,"L11 _ 2","L11",2,0.10678259686634,0.64470378249968,0.782910879107482
"TZA-L11-H28",1729.735,2.519718667,13.39295333,5.752124667,76.579467,2.7000104,1.16943775,0.310686918,28.721153293313,0.382569333,8.3847056345827,0,0.03541981376,0,0.140162320611,0.0224003328,0.167,0.364982467171,0,-11.9241890555556,-10.2438750555556,-11.9928293333333,30.0507136111111,0,0,0.232591161111111,0.21680277654321,0.333,0.782393937654321,"L11 _ 14","L11",14,0.145014923445238,0.595391510707928,0.397064878333146
"TZA-L11-H29",1482.63,20.023784,22.31361033,6.004379333,34.33245233,4.727217133,1.999744643,1.221595755,98.3632433425145,0.271136867,3.29862466743256,0,0.167,0.1011593528,0.167,0.087270948256,0.167,0.689430301056,1,15.122826,-6.078783,-7.116624,40.03101,0,0,0.333,0.309360377777778,0.333,0.975360377777778,"L11 _ 12","L11",12,0.45941420528363,0.652974413722681,0.253279276285118
"TZA-L11-H30",1285.718203125,8.163934,11.860494,5.358049333,59.933156,3.642058167,1.84497799,0.455801534,48.1774018304425,0.411129467,6.47043739409898,0,0.08185649088,0.0216983578,0.1145702498,0.052545861344,0.143294238611,0.413965198435,0,23.8968007070707,-3.91436784090909,-4.58267454545454,39.9361616161616,0,0,0.1665,0.324250281313131,0.333,0.823750281313131,"L11 _ 11","L11",11,0.0730662689541929,0.636693079748333,0.470933993298419
"TZA-L11-H31",1828.577,16.77337111,8.820168611,5.855996945,62.77814417,6.95081732,2.959974815,0.810874508461539,56.2848588429343,0.445203472,3.98682412705397,0.03071919408,0.167,0.079381586437,0.0637968158037,0.15842615424,0.167,0.6663237505607,0.209495103814946,-3.48450281086957,19.0322366020652,-5.97238012418478,16.1961211956522,23.7391839634783,0,0.333,0.128067102898551,0.333,0.794067102898551,"L11 _ 6","L11",6,0.111187640764184,0.687962962962963,0.807523253160747
"TZA-L18-H01",102.692987012987,111.2129423,10.52670633,7.029748,32.04767967,17.50910967,2.500351446,0.529479329,60.197947387244,0.391529833,1.87062128943914,0.016011246272,0.10543338528,0.167,0.092295995711,0.167,0.167,0.714740627263,0.339931375581642,5.05363599422799,0.733570237229437,3.02622540329004,6.01895007215007,0.954360159307359,3.30235543503608,0.333,0.333,0.333,0.999,"L18 _ 13","L18",13,0.339931375581642,0.349814368355804,0.486729892427871
"TZA-L18-H02",98.842,NA,NA,NA,NA,NA,NA,NA,NA,NA,NA,NA,NA,NA,NA,NA,NA,NA,NA,49.4308842,-0.2915839,-0.49421,51.150735,0,0,0.16070492,0.333,0.333,0.82670492,"L18 _ 10","L18",10,0.197776422242109,0.440573090610324,0.331598341527239
"TZA-L18-H03",658.946666666667,NA,NA,NA,NA,NA,NA,NA,NA,NA,NA,NA,NA,NA,NA,NA,NA,NA,NA,-11.070304,162.7532372,-3.162944,0,165.454918533333,0,0.333,0,0.333,0.666,"L18 _ 5","L18",5,0.197776422242109,0.440573090610324,0.331598341527239
"TZA-L18-H04",898.563636363636,NA,NA,NA,NA,NA,NA,NA,NA,NA,NA,NA,NA,NA,NA,NA,NA,NA,NA,-15.0958690909091,-3.68411090909091,-4.31310545454545,0,0,0,0.333,0.333,0.333,0.999,"L18 _ 6","L18",6,0.519874667571474,0.564855287246409,0.389724987393375
"TZA-L18-H05",1235.525,NA,NA,NA,NA,NA,NA,NA,NA,NA,NA,NA,NA,NA,NA,NA,NA,NA,NA,-45.96153,180.0456451,-13.244828,0,186.13678335,0,0.162462111111111,0,0.330060355555556,0.492522466666667,"L18 _ 2","L18",2,0.197776422242109,0.440573090610324,0.331598341527239
"TZA-L18-H06",2017.18367346939,NA,NA,NA,NA,NA,NA,NA,NA,NA,NA,NA,NA,NA,NA,NA,NA,NA,NA,-38.8307857142857,-12.123273877551,-27.9178220408163,57.9940306122449,0,0,0.124102380952381,0.175038358276644,0.187871319727891,0.487012058956916,"L18 _ 10","L18",10,0.197776422242109,0.440573090610324,0.331598341527239
"TZA-L18-H07",1729.735,NA,NA,NA,NA,NA,NA,NA,NA,NA,NA,NA,NA,NA,NA,NA,NA,NA,NA,168.822136,-13.62784075,-33.2768066666667,284.17075,0,0,0,0.143423183333333,0.1665,0.309923183333333,"L18 _ 1","L18",1,0.319279320504869,0.353841035213704,0.715762653863409
"TZA-L18-H08",3294.73333333333,NA,NA,NA,NA,NA,NA,NA,NA,NA,NA,NA,NA,NA,NA,NA,NA,NA,NA,178.492178333333,-6.97659783333333,-8.549833,208.391883333333,0,0,0.1665,0.238628814814815,0.333,0.738128814814815,"L18 _ 6","L18",6,0.519874667571474,0.564855287246409,0.389724987393375
"TZA-L18-H10",768.771111111111,NA,NA,NA,NA,NA,NA,NA,NA,NA,NA,NA,NA,NA,NA,NA,NA,NA,NA,58.1758386296296,-1.64370585185185,-2.94329511111111,68.4114768518518,0,0,0,0.333,0.333,0.666,"L18 _ 4","L18",4,0.318394820766058,0.291645026234742,0.497480857112938
"TZA-L18-H14",1704.1724137931,14.65944967,5.709191333,6.329616667,33.22722433,7.072997,2.275317599,0.456487249,59.5783856729846,0.2274258,2.26695214641924,0.008810163168,0.08207591968,0.065218312789,0.0118434952611,0.167,0.167,0.5019478908981,0.319279320504869,-51.1251724137931,-7.17456586206896,-14.7240496551724,0,0,0,0.118721685823755,0.285009647509578,0.326121823754789,0.729853157088123,"L18 _ 1","L18",1,0.319279320504869,0.353841035213704,0.715762653863409
"TZA-L18-H16",274.561111111111,NA,NA,NA,NA,NA,NA,NA,NA,NA,NA,NA,NA,NA,NA,NA,NA,NA,NA,-4.61262666666667,-1.12570055555556,-1.31789333333333,0,0,0,0.333,0.333,0.333,0.999,"L18 _ 4","L18",4,0.318394820766058,0.291645026234742,0.497480857112938
"TZA-L18-H18",172.9735,NA,NA,NA,NA,NA,NA,NA,NA,NA,NA,NA,NA,NA,NA,NA,NA,NA,NA,-2.9059548,-0.70919135,-0.8302728,0,0,0,0.333,0.333,0.333,0.999,"L18 _ 7","L18",7,0.194790807763254,0.218949901551853,0.076110998681412
"TZA-L18-H19",790.736,NA,NA,NA,NA,NA,NA,NA,NA,NA,NA,NA,NA,NA,NA,NA,NA,NA,NA,140.6323976,-9.6272108,-25.0267944,227.3366,0,0,0.1665,0.210806622222222,0.187288577777778,0.5645952,"L18 _ 13","L18",13,0.339931375581642,0.349814368355804,0.486729892427871
"TZA-L18-H20",154.440625,15.58413167,7.604384,6.380694333,28.36942367,7.2528415,2.512774148,0.569842236,73.3749043690809,0.245350733,2.31882781251519,0.016408772736,0.11834951552,0.071413682189,0.0434932128,0.167,0.167,0.583665183245,0.779163231053017,-11.18150125,-1.99691728125,-5.8563885,0,0,0,0.333,0.333,0.333,0.999,"L18 _ 7","L18",7,0.194790807763254,0.218949901551853,0.076110998681412
"TZA-L18-H21",635.412857142857,114.354804,10.61277867,7.092058333,34.074799,18.41858667,3.143556574,0.907503001,69.1036962563331,0.369690233,1.61865574928634,0.036593810368,0.167,0.167,0.093733403789,0.167,0.167,0.798327214157,0.636789641532115,-8.67173813333333,22.8946406706667,-0.779834825644444,1.84505066666667,25.4612379373333,2.22496197435556,0.333,0.1665,0.333,0.8325,"L18 _ 4","L18",4,0.318394820766058,0.291645026234742,0.497480857112938
"TZA-L18-H22",857.424578313253,NA,NA,NA,NA,NA,NA,NA,NA,NA,NA,NA,NA,NA,NA,NA,NA,NA,NA,44.018606372549,6.00592118363235,-4.26518017134665,59.4641224313726,9.77536260275,0.147824416888644,0.08325,0.24975,0.333,0.666,"L18 _ 2","L18",2,0.197776422242109,0.440573090610324,0.331598341527239
"TZA-L18-H25",1482.63,NA,NA,NA,NA,NA,NA,NA,NA,NA,NA,NA,NA,NA,NA,NA,NA,NA,NA,-24.908184,-6.078783,-7.116624,0,0,0,0.278797955555556,0.309360377777778,0.333,0.921158333333333,"L18 _ 8","L18",8,0.0727686948134474,0.481919956245263,0.299779298989085
"TZA-L18-H28",1937.77001026694,NA,NA,NA,NA,NA,NA,NA,NA,NA,NA,NA,NA,NA,NA,NA,NA,NA,NA,-14.6823475155463,-6.62384824580419,-8.64726585444337,15.5253650188011,0,0,0.2775,0.2775,0.31018835016835,0.86518835016835,"L18 _ 8","L18",8,0.0727686948134474,0.481919956245263,0.299779298989085
"TZA-L18-H30",1323.77678571429,NA,NA,NA,NA,NA,NA,NA,NA,NA,NA,NA,NA,NA,NA,NA,NA,NA,NA,76.6466758928571,-3.07116214285714,-4.20961017857143,91.3405982142857,0,0,0.0630317658730159,0.32841683531746,0.333,0.724448601190476,"L18 _ 10","L18",10,0.197776422242109,0.440573090610324,0.331598341527239
"TZA-L18-H32",224.640909090909,NA,NA,NA,NA,NA,NA,NA,NA,NA,NA,NA,NA,NA,NA,NA,NA,NA,NA,5.02072431818182,-1.31976534090909,-3.02142022727273,15.5002227272727,0,0,0.333,0.333,0.333,0.999,"L18 _ 1","L18",1,0.319279320504869,0.353841035213704,0.715762653863409
"TZA-L19-H02",778.283464566929,5.651809667,14.954975,5.681151333,59.53268267,6.031759033,2.444046114,0.838210984,56.4635458628604,0.513624867,5.22632915777577,0.014209475648,0.167,0.0048671247689,0.1662480825,0.129016289056,0.167,0.6483409719729,0.21545133721686,-13.0751622047244,-3.19096220472441,-3.73576062992126,0,0,0,0.333,0.333,0.333,0.999,"L19 _ 8","L19",8,0.0718171124056199,0.383448553796587,0
"TZA-L19-H05",282.405714285714,NA,NA,NA,NA,NA,NA,NA,NA,NA,NA,NA,NA,NA,NA,NA,NA,NA,NA,34.1463809285714,24.3532567714286,-4.85208317857143,40.5958214285714,25.4175733071429,0,0.1665,0.1665,0.333,0.666,"L19 _ 2","L19",2,0.197776422242109,0.440573090610324,0.331598341527239
"TZA-L19-H09",1572.48636363636,17.304004,12.50018667,6.151369,49.25220167,8.270590333,3.255686048,0.904896641,89.0441007927639,0.370177933,2.89170990078523,0.040181953536,0.167,0.0829368268,0.125253117389,0.167,0.167,0.749371897725,1,-18.6071844867947,-4.61278116909264,-5.32714476590636,0,0,0,0.226297864923747,0.281857908496732,0.333,0.841155773420479,"L19 _ 6","L19",6,0.942168176324845,0.440147295832423,0.331641180424352
"TZA-L19-H10",1059.02142857143,5.25304,7.95607,5.945869333,61.00512667,5.426836667,2.117597067,0.428716226,47.160268496087,0.2974874,3.59691021442633,0.00376310614400001,0.07318919232,0.002195368,0.049366369,0.109658773344,0.167,0.405172808808,0,-17.79156,-4.34198785714286,-5.08330285714286,0,0,0,0.333,0.333,0.333,0.999,"L19 _ 9","L19",9,0.0753067507260746,0.558862413056092,0.0072959709219601
"TZA-L19-H13",494.21,NA,NA,NA,NA,NA,NA,NA,NA,NA,NA,NA,NA,NA,NA,NA,NA,NA,NA,-8.302728,-2.026261,-2.372208,0,0,0,0.333,0.333,0.333,0.999,"L19 _ 7","L19",7,0,0.294137689111482,0.282051892822543
"TZA-L19-H20",608.258461538461,33.962182,12.02400767,6.266323667,42.82410367,10.06429,3.860790986,0.996104051,98.5331497279404,0.379576267,2.48076719490271,0.059545311552,0.167,0.167,0.117300928089,0.167,0.167,0.844846239641,1,-26.342097002849,-7.47031503133903,-7.68320549287749,0,0,0,0.208358600823045,0.250424773662551,0.333,0.791783374485597,"L19 _ 6","L19",6,0.942168176324845,0.440147295832423,0.331641180424352
"TZA-L19-H23",520.221052631579,7.543883667,8.762830667,6.041821667,47.097484,6.4779645,3.183235059,0.72122829,56.2436878203706,0.381997367,3.54870194492324,0.037863521888,0.167,0.0175440205689,0.0628392721389,0.143294864,0.167,0.5955416785958,0.208122736533395,-18.6717218042796,-5.36556257058285,-5.45660125479338,0,0,0,0.297641492063492,0.305070226551227,0.333,0.935711718614719,"L19 _ 3","L19",3,0.604061368266698,0.449015669581702,0.126630315268171
"TZA-L19-H24",1976.84,NA,NA,NA,NA,NA,NA,NA,NA,NA,NA,NA,NA,NA,NA,NA,NA,NA,NA,-33.210912,-8.105044,-9.488832,0,0,0,0.186545422222222,0.264332355555556,0.333,0.783877777777778,"L19 _ 2","L19",2,0.197776422242109,0.440573090610324,0.331598341527239
"TZA-L19-H25",1629.26373626374,NA,NA,NA,NA,NA,NA,NA,NA,NA,NA,NA,NA,NA,NA,NA,NA,NA,NA,-27.3716307692308,-6.67998131868132,-7.82046593406593,0,0,0,0.251426324786325,0.296000415140415,0.333,0.88042673992674,"L19 _ 4","L19",4,0.89428335968343,0.585732101386476,0.274365991417635
"TZA-L19-H26",514.802083333333,NA,NA,NA,NA,NA,NA,NA,NA,NA,NA,NA,NA,NA,NA,NA,NA,NA,NA,-8.648675,-2.11068854166667,-2.47105,0,0,0,0.333,0.333,0.333,0.999,"L19 _ 2","L19",2,0.197776422242109,0.440573090610324,0.331598341527239
"TZA-L19-H27",418.822033898305,NA,NA,NA,NA,NA,NA,NA,NA,NA,NA,NA,NA,NA,NA,NA,NA,NA,NA,-7.03621016949153,-1.71717033898305,-2.01034576271186,0,0,0,0.333,0.333,0.333,0.999,"L19 _ 8","L19",8,0.0718171124056199,0.383448553796587,0
"TZA-L19-H29",1308.20294117647,13.70575667,10.756808,6.072471,52.357485,7.944240167,3.498938476,0.79737125,82.1326991742166,0.384520467,3.04568969546717,0.047966031232,0.167,0.058828569689,0.0961386936,0.167,0.167,0.703933294521,1,-21.9778094117647,-5.36363205882353,-6.27937411764706,0,0,0,0.311357673202614,0.325252620915033,0.333,0.969610294117647,"L19 _ 3","L19",3,0.604061368266698,0.449015669581702,0.126630315268171
"TZA-L19-H31",166.795875,NA,NA,NA,NA,NA,NA,NA,NA,NA,NA,NA,NA,NA,NA,NA,NA,NA,NA,-2.8021707,-0.6838630875,-0.8006202,0,0,0,0.333,0.333,0.333,0.999,"L19 _ 1","L19",1,0.132465281476692,0.403869230661826,0.0238599215717006
"TZA-L19-H32",411.841666666667,NA,NA,NA,NA,NA,NA,NA,NA,NA,NA,NA,NA,NA,NA,NA,NA,NA,NA,-6.91894,-1.68855083333333,-1.97684,0,0,0,0.333,0.333,0.333,0.999,"L19 _ 13","L19",13,0.486663596313615,0.441649049595138,0.07416609732196
"TZA-L20-H01",1186.104,6.622769667,5.893678,6.481849,29.92133033,4.689395667,2.113432209,0.360245789,18.269639641801,0.233913267,3.16227768347232,0.003629830688,0.05127865248,0.0113725567689,0.0149244226,0.086060661344,0.167,0.3342661238809,0,-18.3301153297297,-4.88386336216216,-5.29899976216216,0,0,0,0.333,0.333,0.333,0.999,"L20 _ 3","L20",3,0.0274060439441421,0.516835601979137,0.440142995597075
"TZA-L20-H05",889.578,11.977097,8.614870667,6.108615333,43.91769267,7.986743667,3.37531798,0.866463174,68.8416584337148,0.2930742,2.34054931409706,0.04401017536,0.167,0.0472465499,0.0603683401389,0.167,0.167,0.6526250653989,0.628055048318298,-14.9449104,-3.6472698,-4.2699744,0,0,0,0.333,0.333,0.333,0.999,"L20 _ 10","L20",10,0.191902131288149,0.492662743832327,0.326025812587949
"TZA-L20-H07",4447.89,6.554762,9.224758,6.704046333,37.69482033,7.917461167,3.483888779,0.634559062,36.7314008313358,0.260620433,2.11946333516691,0.047484440928,0.13905889984,0.0109169054,0.0705534586,0.167,0.167,0.602013704768,0,-50.705946,-13.288071375,-14.4278431875,0,0,0,0.129514777777778,0.149153969444444,0.325667377777778,0.604336125,"L20 _ 9","L20",9,0,0.481100137271183,0.61566808603661
"TZA-L20-H08",370.6575,7.966681667,13.20227367,6.211481333,54.27821967,9.982793667,4.516370554,1.023000121,39.5604468022813,0.36254,2.28232135892782,0.080523857728,0.167,0.0203767671689,0.136977970289,0.167,0.167,0.7388785951859,0,3.66421414285714,2.28272068928571,18.4972389289286,19.0623857142857,6.64324142142857,22.9874897860714,0.333,0.321109587460317,0.228868700789683,0.88297828825,"L20 _ 7","L20",7,0.0946118949179661,0.562195858903228,0.80071031254514
"TZA-L20-H10",1111.9725,10.55087567,15.11529967,6.882118333,54.83588267,10.688155,4.424033158,1.134666928,44.5578665760293,0.372115,2.23909783864088,0.077569061056,0.167,0.037690866989,0.167,0.167,0.167,0.783259928045,0,-19.0092665442177,-5.32881092006803,-5.48741198639456,0,0,0,0.301021555555556,0.307914296296296,0.333,0.941935851851852,"L20 _ 9","L20",9,0,0.481100137271183,0.61566808603661
"TZA-L20-H11",1040.44210526316,10.69785967,17.998521,6.102950333,55.32201067,8.477967,3.584646155,1.008775015,49.8518727706924,0.513355433,3.77891146128538,0.05070867696,0.167,0.038675659789,0.167,0.167,0.167,0.757384336749,0,-45.3601379482038,-14.2588461787803,-16.313719336675,18.0425873015873,0,0,0.197378050088183,0.149323703703704,0.318603570723104,0.665305324514991,"L20 _ 6","L20",6,0,0.557219966630209,0.889678430511804
"TZA-L20-H12",272.319795918367,9.882034,10.45792533,6.221983667,48.824434,8.470527667,3.740611037,0.642494604,41.9860896318348,0.2674754,2.0385121863743,0.055699553184,0.14159827328,0.0332096278,0.091147353011,0.167,0.167,0.655654807275,0,-43.0989152428294,-12.5576309835598,-12.6211722692741,0,0,0,0.111,0.148331740979689,0.327199382149363,0.586531123129052,"L20 _ 9","L20",9,0,0.481100137271183,0.61566808603661
"TZA-L20-H13",5083.30285714286,6.655224333,9.559948667,6.37936,47.58333567,9.057102,3.77587446,0.80388255,48.3289432024907,0.271991333,1.95552706580733,0.05682798272,0.167,0.0115900030311,0.0761511427389,0.167,0.167,0.64556912849,0,-66.5130627692308,-17.4005367032967,-19.1796927032967,0,0,0,0.013185347008547,0.0671163145299145,0.308723034920635,0.389024696459096,"L20 _ 5","L20",5,0.18028013868528,0.563230819510994,0.583608841364911
"TZA-L20-H16",1302.86032953105,10.61891267,8.493490667,6.927578,51.344977,9.542875167,4.403577163,0.831260775,36.7105365649305,0.2786535,1.85073535541744,0.076914469216,0.167,0.038146714889,0.0583412941389,0.167,0.167,0.6744024782439,0,-51.2013120467836,-22.962050804567,-22.3329031704929,31.0398561403509,0.483458764912281,1.67290374011696,0.198563456790123,0.211499447383892,0.222,0.632062904174015,"L20 _ 6","L20",6,0,0.557219966630209,0.889678430511804
"TZA-L20-H17",166.795875,5.671624667,10.545566,6.576752667,55.35591433,8.939776167,4.249523628,0.799717124,34.2650627997801,0.293616,2.05575541754214,0.071984756096,0.167,0.0049998852689,0.0926109522,0.167,0.167,0.6705955935649,0,-13.1007506561224,-3.77114378864796,-3.82952234489796,0,0,0,0.314281496598639,0.312517505668934,0.333,0.959799002267574,"L20 _ 5","L20",5,0.18028013868528,0.563230819510994,0.583608841364911
"TZA-L20-H19",1050.19625,12.689674,7.354628667,6.388494,28.50979433,6.468616833,2.754957979,0.476450487,45.6472637426626,0.227604467,2.29263653424603,0.024158655328,0.08846415584,0.0520208158,0.0393222987389,0.142995738656,0.167,0.5139616643629,0,-30.0035899591837,-8.18320986734694,-8.70213036734694,0,0,0,0.215464218518519,0.25358970202192,0.333,0.802053920540438,"L20 _ 8","L20",8,0.0758326606280142,0.606580561908868,0.491515884675007
"TZA-L20-H20",1831.48411764706,9.303527333,9.108832667,6.571201,54.757069,9.078497,3.878604351,0.97096417,50.8206307977407,0.407119933,2.84000464665352,0.060115339232,0.167,0.0293336331311,0.0686175055389,0.167,0.167,0.659066477902,0.0273541871892551,-83.3967482245989,-23.6891767139037,-24.3301961550802,0,0,0,0.106839260130719,0.138787945751634,0.222781841414141,0.468409047296494,"L20 _ 1","L20",1,0.166488864114959,0.578984748345727,1
"TZA-L20-H23",45.7601851851852,6.870920333,10.34600333,5.969758,55.00004567,9.287720833,4.461738408,0.928850714,42.6345162704385,0.312899,2.08721658766313,0.078775629056,0.167,0.0130351662311,0.089278255611,0.167,0.167,0.6820890508981,0,15.1323548856209,-5.34478962962963,-5.36080569444444,33.4318529411765,0,0,0.271869550653595,0.27203375,0.333,0.876903300653595,"L20 _ 8","L20",8,0.0758326606280142,0.606580561908868,0.491515884675007
"TZA-L20-H24",1153.15666666667,5.986023,6.905619333,6.360607667,30.78396867,5.0184955,2.394141116,0.442502662,25.5726446517973,0.238167933,2.94277638041831,0.012612515712,0.07760085184,0.0071063541,0.0318238428611,0.096591856,0.167,0.3927354205131,0,-19.373032,-4.72794233333333,-5.535152,0,0,0,0.333,0.333,0.333,0.999,"L20 _ 10","L20",10,0.191902131288149,0.492662743832327,0.326025812587949
"TZA-L20-H26",425.861808510638,7.747913333,6.249709333,6.422836333,32.31580267,6.256306,2.767161907,0.408041552,53.7081046465665,0.246387267,2.54587617512049,0.024549181024,0.06657329664,0.0189110193311,0.0208701458611,0.136201792,0.167,0.4341054348562,0.123603305858536,-20.5494510335946,-5.84763052323628,-5.99668215621501,0,0,0,0.25569764619883,0.278175248538012,0.333,0.866872894736842,"L20 _ 5","L20",5,0.18028013868528,0.563230819510994,0.583608841364911
"TZA-L20-H27",394.116835443038,8.148966333,14.224111,6.318752,59.92833333,10.0670625,4.437047555,1.047888596,37.0756101939198,0.398610333,2.49902892986622,0.07798552176,0.167,0.0215980744311,0.1540426537,0.167,0.167,0.7546262498911,0,-31.0974726340366,-16.2419244508631,-16.3338850457998,24.6855398989899,0,0,0.200930783703704,0.111,0.30688928026936,0.618820063973064,"L20 _ 7","L20",7,0.0946118949179661,0.562195858903228,0.80071031254514
"TZA-L20-H28",723.234146341463,9.652791667,7.125190333,6.365081667,30.95967567,7.153272667,2.497809885,0.540398271,54.1866098236899,0.218656567,2.10041960839097,0.01592991632,0.10892744672,0.0316737041689,0.0354906785611,0.167,0.167,0.52602174577,0.139553476834296,-16.2709538631579,2.42783956107314,-9.10769576165413,14.9563552631579,11.2810171727273,0,0.24975,0.19801729005848,0.333,0.78076729005848,"L20 _ 10","L20",10,0.191902131288149,0.492662743832327,0.326025812587949
"TZA-L20-H29",5132.18076923077,11.87281067,11.627567,6.763709333,52.17529,9.9073185,4.201559846,1.044977438,44.6482463335591,0.350538,2.26089458822791,0.070449915072,0.167,0.046547831489,0.1106803689,0.167,0.167,0.728678115461,0,-30.1373059615385,-22.3356783894231,-24.1319416586538,53.282015625,0,0,0.133633194444444,0,0.287422870459402,0.421056064903846,"L20 _ 2","L20",2,0,0.57447714147275,0.912912355300592
"TZA-L20-H30",1945.951875,13.72223533,14.76326933,7.076327333,57.96835267,11.47612383,4.642968495,1.147042355,42.9406204659185,0.370226167,2.09922086654842,0.08457499184,0.167,0.058938976711,0.163046597811,0.167,0.167,0.807560566362,0,-28.6959506428571,-7.91574391964286,-8.30625807142857,0,0,0,0.185118931481482,0.245511161574074,0.333,0.763630093055556,"L20 _ 1","L20",1,0.166488864114959,0.578984748345727,1
"TZA-L22-H03",336.961363636364,8.993436946,11.28082367,6.831453056,31.59924249,7.73750861,3.00839805583333,0.272128354615385,29.1667417536655,0.0651745,0.588047170630059,0.0322687377866666,0.0230810734769232,0.0272560275382,0.104889755289,0.167,0.167,0.52149559409079,0,-5.94050404040404,-1.64861467171717,-1.72723898989899,0,0,0,0.333,0.333,0.333,0.999,"L22 _ 3","L22",3,0.0312502987283019,0.459136851101872,0.16255228853364
"TZA-L22-H05",0,6.864002778,3.919617556,6.552757778,10.92474334,2.738326514,0.71437777775,0.106010420230769,17.6684255212133,0.093872055,2.57001574469358,0,0,0.0129888186126,0,0.023626448448,0.167,0.2036152670606,0,0,0,0,0,0,0,0.333,0.333,0.333,0.999,"L22 _ 4","L22",4,0,0.49719628548303,0.0324907674789398
"TZA-L22-H13",1029.60416666667,6.480869167,10.19563839,6.477024167,51.17593389,7.887384305,3.13077905083333,0.612454764871795,43.495958040303,0.105956333,0.902787550302214,0.0361849296266666,0.131985524758974,0.0104218234189,0.086767161113,0.167,0.167,0.599359438917541,0,-14.7909992857143,-3.91102497023809,-4.27138642857143,0,0,0,0.333,0.333,0.333,0.999,"L22 _ 6","L22",6,0,0.526130243083295,0
"TZA-L22-H14",308.88125,14.32527889,10.87539928,6.447478889,34.25009611,7.43603736,3.08258381916667,0.304973717948718,24.3298604712756,0.0914565,0.837893443398443,0.0346426822133334,0.0335915897435898,0.062979368563,0.098119167976,0.167,0.167,0.563332808495923,0,-8.71456966666667,-2.38456325,-2.52870783333333,0,0,0,0.333,0.333,0.333,0.999,"L22 _ 6","L22",6,0,0.526130243083295,0
"TZA-L22-H15",2471.05,15.79351333,10.07295981,7.270631111,44.29255917,8.85221597,3.20465439833333,0.481714943076923,29.8086112276,0.108185805,0.855442104582883,0.0385489407466666,0.0901487817846154,0.072816539311,0.084718428827,0.167,0.167,0.620232690669282,0,-30.8606688888889,-7.68771111111111,-8.84086777777778,0,0,0,0.173861925925926,0.257202888888889,0.333,0.764064814814815,"L22 _ 1","L22",1,0,0.366145845459495,0.210000756363693
"TZA-L22-H16",353.007142857143,6.089213056,9.900606417,6.622066666,24.11685556,4.609999472,2.25783729166667,0.232143148153846,19.158241395039,0.033381778,0.46796699020094,0.00825079333333344,0.0102858074092307,0.0077977274752,0.0818401271639,0.083519983104,0.167,0.358694438485664,0,-5.22764355555556,-1.3382893015873,-1.50302596825397,0,0,0,0.333,0.333,0.333,0.999,"L22 _ 7","L22",7,0,0.378117729549145,0
"TZA-L22-H19",247.105,18.19890278,8.450934361,6.649400833,13.68986167,4.511820528,1.01263305583333,0.135558867512821,24.9113949753924,0.056354417,0.985843251454999,0,0,0.088932648626,0.0576306038287,0.080378256896,0.167,0.3939415093507,0,-7.975313875,-2.02780540625,-2.168346375,0,0,0,0.333,0.333,0.333,0.999,"L22 _ 8","L22",8,0.0623120216107322,0.550463084263239,0.00257742952200091
"TZA-L22-H20",1235.525,58.83492194,9.441927556,6.307290833,12.21579917,4.686968764,1.07041439833333,0.167039586897436,31.7237567079955,0.089373444,1.48614022039191,0,0,0.167,0.0741801901852,0.085983000448,0.167,0.4941631906332,0,-14.5632527419355,-3.38374427419355,-3.91382435483871,0,0,0,0.328962111111111,0.332437194444444,0.333,0.994399305555556,"L22 _ 8","L22",8,0.0623120216107322,0.550463084263239,0.00257742952200091
"TZA-L22-H22",1205.39024390244,74.55833111,14.12532141,5.838805555,18.67371222,5.126423165,1.2037570375,0.220622962974359,28.5971812051721,0.319472417,4.65006699025224,0,0.00659934815179487,0.167,0.152392867547,0.10004554128,0.167,0.593037756978795,0,-12.484007594235,-2.75185113636364,-5.30782635809313,0,0,0,0.331774688346883,0.333,0.333,0.997774688346884,"L22 _ 13","L22",13,0,0.405858985462657,0.523326860526212
"TZA-L22-H29",755.043055555555,33.01981445,14.86268772,6.474593056,54.38550195,8.228124445,3.553847685,0.760687521538462,55.988065763369,0.135912389,1.07198498825762,0.04972312592,0.167,0.167,0.164706884924,0.167,0.167,0.882430010844,0.199602002152081,-12.7030274074074,-3.30846138888889,-3.66081481481481,0,0,0,0.333,0.333,0.333,0.999,"L22 _ 11","L22",11,0.0399204004304162,0.497876080840129,0.259755052286053
"TZA-L22-H30",1965.60795454545,10.37786528,5.270400722,6.549748333,13.43155722,3.281058278,0.817911365833333,0.105949009974359,20.2886864350931,0.102811306,2.38667017104735,0,0,0.036531697376,0.00451569205739999,0.040993864896,0.167,0.2490412543294,0,-27.6470690207337,-7.02349654944179,-7.940780261563,0,0,0,0.222,0.250755664983165,0.333,0.805755664983165,"L22 _ 3","L22",3,0.0312502987283019,0.459136851101872,0.16255228853364
